silhouette,inertia,pca_variance
0.32353029982031317,4834.0917191345025,"[0.05, 0.05]"
