silhouette,inertia,pca_variance
0.3167639075461803,4843.929413625873,9.54
