silhouette,inertia,pca_variance
0.3152285279097928,3461.9735353583737,9.54
