silhouette,inertia,pca_variance
0.338207850119966,1808.7279351761408,"[0.05, 0.05]"
