silhouette,inertia,pca_variance
0.31210413384554836,2735.7090100424666,9.54
