silhouette,inertia,pca_variance
0.32062917496139104,3517.9644021305194,[0.05018559 0.04928163]
