silhouette,inertia,pca_variance
0.33955923114787984,4515.528329934175,9.94
