silhouette,inertia,pca_variance
0.3426538739541165,3532.534422147523,"[0.05, 0.05]"
