silhouette,inertia,pca_variance
0.3206166913877943,3334.633067493392,[0.05043229 0.0483561 ]
