silhouette,inertia,pca_variance
0.33776500061774034,3575.349669705375,"[0.05, 0.05]"
