silhouette,inertia,pca_variance
0.13456197098043568,22597.43889551959,27.79
