silhouette,inertia,pca_variance
0.3537788654475984,1530.0500319291393,9.84
