silhouette,inertia,pca_variance
0.2320216994478721,7758.452831700647,[0.05019497 0.04871941 0.04822494]
