silhouette,inertia,pca_variance
0.18029844649011753,12420.643170897996,18.58
