silhouette,inertia,pca_variance
0.33955923114787984,4515.528329934175,"[0.05, 0.05]"
