silhouette,inertia,pca_variance
0.3329771343851384,4765.511180003253,9.96
