silhouette,inertia,pca_variance
0.6018517985083541,251.9055991615083,"[0.06, 0.06]"
