silhouette,inertia,pca_variance
0.35165190011975134,3538.1528990101906,"[0.05, 0.05]"
